loop1,loop2,loop3,time
0.0,0.0,0.0,0.0
300.0,120.0,0.0,1.0
420.0,300.0,180.0,2.0
300.0,360.0,360.0,3.0
300.0,360.0,240.0,4.0
300.0,300.0,360.0,5.0
300.0,300.0,300.0,6.0
300.0,240.0,360.0,7.0
300.0,360.0,180.0,8.0
240.0,300.0,420.0,9.0
300.0,240.0,300.0,10.0
240.0,300.0,300.0,11.0
240.0,240.0,240.0,12.0
240.0,360.0,240.0,13.0
240.0,180.0,300.0,14.0
300.0,240.0,240.0,15.0
240.0,300.0,240.0,16.0
300.0,240.0,240.0,17.0
240.0,240.0,240.0,18.0
240.0,240.0,240.0,19.0
240.0,240.0,300.0,20.0
240.0,240.0,180.0,21.0
240.0,240.0,240.0,22.0
240.0,240.0,240.0,23.0
240.0,240.0,300.0,24.0
240.0,240.0,300.0,25.0
360.0,240.0,180.0,26.0
240.0,240.0,300.0,27.0
240.0,240.0,240.0,28.0
240.0,300.0,180.0,29.0
240.0,240.0,240.0,30.0
240.0,240.0,360.0,31.0
240.0,240.0,180.0,32.0
240.0,300.0,360.0,33.0
240.0,240.0,120.0,34.0
240.0,240.0,360.0,35.0
240.0,240.0,240.0,36.0
240.0,240.0,240.0,37.0
240.0,360.0,180.0,38.0
240.0,180.0,300.0,39.0
240.0,300.0,180.0,40.0
240.0,240.0,300.0,41.0
240.0,240.0,240.0,42.0
180.0,180.0,240.0,43.0
180.0,180.0,180.0,44.0
180.0,180.0,180.0,45.0
240.0,180.0,180.0,46.0
180.0,180.0,180.0,47.0
180.0,180.0,180.0,48.0
300.0,180.0,180.0,49.0
180.0,180.0,180.0,50.0
180.0,180.0,180.0,51.0
120.0,180.0,180.0,52.0
120.0,120.0,180.0,53.0
120.0,120.0,180.0,54.0
120.0,120.0,120.0,55.0
120.0,120.0,60.0,56.0
120.0,120.0,180.0,57.0
120.0,120.0,180.0,58.0
120.0,120.0,0.0,59.0
120.0,180.0,180.0,60.0
120.0,120.0,180.0,61.0
120.0,120.0,120.0,62.0
120.0,180.0,60.0,63.0
120.0,120.0,180.0,64.0
120.0,120.0,120.0,65.0
120.0,120.0,120.0,66.0
120.0,120.0,120.0,67.0
120.0,120.0,120.0,68.0
120.0,120.0,120.0,69.0
120.0,120.0,120.0,70.0
120.0,120.0,120.0,71.0
240.0,120.0,120.0,72.0
120.0,120.0,120.0,73.0
120.0,120.0,240.0,74.0
120.0,120.0,120.0,75.0
120.0,120.0,120.0,76.0
120.0,120.0,120.0,77.0
120.0,120.0,180.0,78.0
120.0,120.0,120.0,79.0
120.0,120.0,60.0,80.0
120.0,120.0,180.0,81.0
120.0,120.0,120.0,82.0
120.0,120.0,120.0,83.0
120.0,240.0,180.0,84.0
120.0,60.0,120.0,85.0
120.0,180.0,120.0,86.0
120.0,120.0,120.0,87.0
120.0,120.0,120.0,88.0
120.0,120.0,120.0,89.0
120.0,120.0,120.0,90.0
120.0,120.0,120.0,91.0
120.0,120.0,120.0,92.0
120.0,120.0,120.0,93.0
120.0,120.0,120.0,94.0
120.0,120.0,120.0,95.0
240.0,120.0,120.0,96.0
120.0,120.0,120.0,97.0
120.0,120.0,120.0,98.0
120.0,120.0,120.0,99.0
120.0,120.0,120.0,100.0
120.0,120.0,120.0,101.0
120.0,120.0,120.0,102.0
120.0,120.0,120.0,103.0
120.0,120.0,240.0,104.0
120.0,120.0,120.0,105.0
120.0,120.0,120.0,106.0
120.0,120.0,120.0,107.0
120.0,120.0,120.0,108.0
120.0,180.0,120.0,109.0
120.0,180.0,120.0,110.0
120.0,120.0,120.0,111.0
120.0,120.0,120.0,112.0
120.0,120.0,120.0,113.0
120.0,120.0,120.0,114.0
120.0,120.0,120.0,115.0
120.0,120.0,120.0,116.0
120.0,120.0,120.0,117.0
120.0,120.0,120.0,118.0
240.0,120.0,120.0,119.0
120.0,120.0,120.0,120.0
120.0,120.0,120.0,121.0
120.0,120.0,120.0,122.0
120.0,120.0,180.0,123.0
120.0,120.0,60.0,124.0
120.0,120.0,180.0,125.0
120.0,120.0,120.0,126.0
120.0,120.0,120.0,127.0
120.0,120.0,180.0,128.0
120.0,120.0,60.0,129.0
120.0,180.0,180.0,130.0
120.0,60.0,120.0,131.0
120.0,240.0,120.0,132.0
120.0,120.0,120.0,133.0
120.0,120.0,120.0,134.0
120.0,120.0,120.0,135.0
120.0,120.0,120.0,136.0
120.0,120.0,120.0,137.0
120.0,120.0,120.0,138.0
120.0,120.0,120.0,139.0
120.0,120.0,120.0,140.0
120.0,120.0,120.0,141.0
240.0,120.0,120.0,142.0
120.0,120.0,120.0,143.0
120.0,120.0,120.0,144.0
120.0,120.0,120.0,145.0
120.0,120.0,120.0,146.0
120.0,120.0,120.0,147.0
120.0,120.0,180.0,148.0
120.0,120.0,60.0,149.0
120.0,120.0,180.0,150.0
120.0,120.0,60.0,151.0
120.0,120.0,180.0,152.0
120.0,120.0,60.0,153.0
120.0,120.0,240.0,154.0
120.0,240.0,120.0,155.0
120.0,120.0,120.0,156.0
120.0,120.0,120.0,157.0
120.0,120.0,120.0,158.0
120.0,120.0,120.0,159.0
120.0,120.0,120.0,160.0
120.0,120.0,120.0,161.0
120.0,120.0,120.0,162.0
120.0,120.0,120.0,163.0
120.0,120.0,120.0,164.0
120.0,120.0,120.0,165.0
240.0,120.0,120.0,166.0
120.0,120.0,120.0,167.0
120.0,120.0,120.0,168.0
120.0,120.0,120.0,169.0
120.0,120.0,120.0,170.0
120.0,120.0,120.0,171.0
120.0,120.0,240.0,172.0
120.0,120.0,0.0,173.0
120.0,120.0,240.0,174.0
120.0,120.0,60.0,175.0
120.0,120.0,120.0,176.0
120.0,120.0,120.0,177.0
120.0,120.0,60.0,178.0
120.0,240.0,180.0,179.0
120.0,120.0,180.0,180.0
120.0,120.0,120.0,181.0
120.0,120.0,120.0,182.0
120.0,120.0,120.0,183.0
120.0,120.0,120.0,184.0
120.0,120.0,120.0,185.0
120.0,120.0,120.0,186.0
120.0,120.0,240.0,187.0
120.0,120.0,120.0,188.0
240.0,120.0,120.0,189.0
120.0,120.0,120.0,190.0
120.0,120.0,120.0,191.0
120.0,120.0,120.0,192.0
120.0,120.0,120.0,193.0
120.0,120.0,180.0,194.0
120.0,120.0,60.0,195.0
120.0,120.0,180.0,196.0
120.0,120.0,120.0,197.0
120.0,120.0,180.0,198.0
120.0,120.0,60.0,199.0
120.0,180.0,180.0,200.0
120.0,120.0,120.0,201.0
120.0,180.0,60.0,202.0
120.0,120.0,180.0,203.0
120.0,120.0,120.0,204.0
120.0,120.0,120.0,205.0
120.0,120.0,120.0,206.0
120.0,120.0,120.0,207.0
120.0,120.0,120.0,208.0
120.0,120.0,120.0,209.0
120.0,120.0,120.0,210.0
120.0,120.0,120.0,211.0
120.0,120.0,120.0,212.0
240.0,120.0,120.0,213.0
120.0,120.0,120.0,214.0
120.0,120.0,120.0,215.0
120.0,120.0,120.0,216.0
120.0,120.0,120.0,217.0
120.0,120.0,120.0,218.0
120.0,120.0,180.0,219.0
120.0,120.0,60.0,220.0
120.0,120.0,300.0,221.0
120.0,120.0,180.0,222.0
120.0,120.0,120.0,223.0
120.0,180.0,60.0,224.0
120.0,180.0,120.0,225.0
120.0,60.0,180.0,226.0
120.0,180.0,60.0,227.0
120.0,120.0,180.0,228.0
120.0,120.0,120.0,229.0
120.0,120.0,120.0,230.0
120.0,120.0,120.0,231.0
120.0,120.0,120.0,232.0
120.0,120.0,240.0,233.0
120.0,120.0,120.0,234.0
120.0,120.0,120.0,235.0
240.0,120.0,120.0,236.0
120.0,120.0,120.0,237.0
120.0,120.0,120.0,238.0
120.0,120.0,120.0,239.0
120.0,120.0,180.0,240.0
120.0,120.0,60.0,241.0
120.0,120.0,120.0,242.0
120.0,120.0,120.0,243.0
120.0,120.0,180.0,244.0
120.0,120.0,120.0,245.0
120.0,120.0,180.0,246.0
120.0,180.0,120.0,247.0
120.0,120.0,60.0,248.0
120.0,180.0,120.0,249.0
120.0,60.0,180.0,250.0
120.0,180.0,60.0,251.0
120.0,120.0,120.0,252.0
120.0,120.0,180.0,253.0
120.0,120.0,120.0,254.0
120.0,120.0,120.0,255.0
120.0,120.0,120.0,256.0
120.0,120.0,120.0,257.0
120.0,120.0,120.0,258.0
240.0,120.0,120.0,259.0
120.0,120.0,120.0,260.0
120.0,120.0,120.0,261.0
120.0,120.0,120.0,262.0
120.0,120.0,120.0,263.0
120.0,120.0,120.0,264.0
120.0,120.0,120.0,265.0
120.0,120.0,180.0,266.0
120.0,120.0,120.0,267.0
120.0,120.0,180.0,268.0
120.0,120.0,60.0,269.0
120.0,120.0,180.0,270.0
120.0,240.0,120.0,271.0
120.0,120.0,120.0,272.0
120.0,120.0,120.0,273.0
120.0,120.0,120.0,274.0
120.0,120.0,120.0,275.0
120.0,120.0,120.0,276.0
120.0,120.0,120.0,277.0
120.0,120.0,120.0,278.0
120.0,120.0,120.0,279.0
120.0,120.0,120.0,280.0
120.0,120.0,120.0,281.0
120.0,120.0,120.0,282.0
240.0,120.0,120.0,283.0
120.0,120.0,120.0,284.0
120.0,120.0,120.0,285.0
120.0,120.0,120.0,286.0
120.0,120.0,120.0,287.0
120.0,120.0,180.0,288.0
120.0,120.0,120.0,289.0
120.0,120.0,60.0,290.0
120.0,120.0,120.0,291.0
120.0,120.0,240.0,292.0
120.0,120.0,60.0,293.0
120.0,120.0,120.0,294.0
120.0,180.0,180.0,295.0
120.0,180.0,60.0,296.0
120.0,120.0,180.0,297.0
120.0,120.0,120.0,298.0
120.0,120.0,120.0,299.0
120.0,120.0,120.0,300.0
120.0,120.0,120.0,301.0
120.0,120.0,120.0,302.0
120.0,120.0,120.0,303.0
120.0,120.0,120.0,304.0
120.0,120.0,120.0,305.0
240.0,120.0,120.0,306.0
120.0,120.0,120.0,307.0
120.0,120.0,120.0,308.0
120.0,120.0,120.0,309.0
120.0,120.0,180.0,310.0
120.0,120.0,60.0,311.0
120.0,120.0,120.0,312.0
120.0,120.0,120.0,313.0
120.0,120.0,180.0,314.0
120.0,120.0,120.0,315.0
120.0,120.0,120.0,316.0
120.0,120.0,120.0,317.0
120.0,180.0,120.0,318.0
120.0,180.0,120.0,319.0
120.0,60.0,180.0,320.0
120.0,180.0,60.0,321.0
120.0,120.0,180.0,322.0
120.0,120.0,120.0,323.0
120.0,120.0,120.0,324.0
120.0,120.0,120.0,325.0
120.0,120.0,120.0,326.0
120.0,120.0,120.0,327.0
120.0,120.0,120.0,328.0
120.0,120.0,120.0,329.0
240.0,120.0,120.0,330.0
120.0,120.0,240.0,331.0
120.0,120.0,120.0,332.0
120.0,120.0,120.0,333.0
120.0,120.0,120.0,334.0
120.0,120.0,120.0,335.0
120.0,120.0,120.0,336.0
120.0,120.0,120.0,337.0
120.0,120.0,180.0,338.0
120.0,120.0,120.0,339.0
120.0,120.0,120.0,340.0
120.0,180.0,180.0,341.0
120.0,180.0,60.0,342.0
120.0,120.0,180.0,343.0
120.0,120.0,120.0,344.0
120.0,120.0,120.0,345.0
120.0,120.0,120.0,346.0
120.0,120.0,120.0,347.0
120.0,120.0,120.0,348.0
120.0,120.0,120.0,349.0
120.0,120.0,120.0,350.0
120.0,120.0,120.0,351.0
120.0,120.0,120.0,352.0
240.0,120.0,120.0,353.0
120.0,120.0,120.0,354.0
120.0,120.0,120.0,355.0
180.0,120.0,120.0,356.0
120.0,180.0,120.0,357.0
180.0,120.0,300.0,358.0
180.0,180.0,0.0,359.0
180.0,180.0,180.0,360.0
180.0,180.0,240.0,361.0
180.0,180.0,300.0,362.0
180.0,240.0,120.0,363.0
180.0,180.0,240.0,364.0
180.0,240.0,120.0,365.0
240.0,240.0,240.0,366.0
240.0,300.0,240.0,367.0
240.0,240.0,240.0,368.0
240.0,240.0,240.0,369.0
300.0,240.0,240.0,370.0
240.0,240.0,240.0,371.0
240.0,240.0,240.0,372.0
300.0,240.0,240.0,373.0
240.0,240.0,240.0,374.0
240.0,240.0,240.0,375.0
360.0,240.0,240.0,376.0
240.0,240.0,240.0,377.0
240.0,240.0,240.0,378.0
240.0,240.0,300.0,379.0
240.0,300.0,240.0,380.0
240.0,240.0,300.0,381.0
240.0,300.0,180.0,382.0
240.0,240.0,300.0,383.0
240.0,240.0,300.0,384.0
240.0,240.0,240.0,385.0
240.0,240.0,240.0,386.0
240.0,240.0,420.0,387.0
240.0,240.0,180.0,388.0
300.0,360.0,240.0,389.0
300.0,240.0,300.0,390.0
360.0,300.0,300.0,391.0
300.0,360.0,300.0,392.0
300.0,300.0,300.0,393.0
300.0,300.0,300.0,394.0
300.0,300.0,300.0,395.0
300.0,300.0,360.0,396.0
300.0,300.0,300.0,397.0
360.0,360.0,300.0,398.0
300.0,240.0,300.0,399.0
420.0,360.0,240.0,400.0
300.0,300.0,420.0,401.0
300.0,360.0,360.0,402.0
300.0,300.0,300.0,403.0
300.0,300.0,300.0,404.0
300.0,300.0,300.0,405.0
300.0,360.0,240.0,406.0
300.0,300.0,420.0,407.0
300.0,300.0,360.0,408.0
360.0,300.0,300.0,409.0
300.0,300.0,240.0,410.0
360.0,420.0,300.0,411.0
420.0,360.0,420.0,412.0
360.0,420.0,360.0,413.0
360.0,300.0,360.0,414.0
360.0,420.0,360.0,415.0
420.0,360.0,360.0,416.0
360.0,360.0,540.0,417.0
360.0,360.0,420.0,418.0
360.0,360.0,300.0,419.0
360.0,360.0,360.0,420.0
480.0,480.0,420.0,421.0
420.0,420.0,420.0,422.0
540.0,480.0,420.0,423.0
480.0,420.0,480.0,424.0
420.0,420.0,360.0,425.0
420.0,420.0,540.0,426.0
420.0,480.0,360.0,427.0
420.0,420.0,480.0,428.0
420.0,420.0,420.0,429.0
480.0,420.0,480.0,430.0
420.0,480.0,480.0,431.0
480.0,420.0,540.0,432.0
420.0,480.0,420.0,433.0
420.0,420.0,480.0,434.0
420.0,480.0,420.0,435.0
420.0,420.0,420.0,436.0
480.0,480.0,420.0,437.0
420.0,360.0,480.0,438.0
420.0,480.0,360.0,439.0
480.0,420.0,540.0,440.0
420.0,480.0,360.0,441.0
480.0,360.0,480.0,442.0
420.0,480.0,360.0,443.0
420.0,600.0,480.0,444.0
420.0,420.0,480.0,445.0
480.0,420.0,480.0,446.0
540.0,420.0,300.0,447.0
540.0,600.0,480.0,448.0
480.0,480.0,600.0,449.0
540.0,480.0,480.0,450.0
540.0,600.0,540.0,451.0
600.0,540.0,540.0,452.0
540.0,540.0,600.0,453.0
600.0,600.0,540.0,454.0
540.0,540.0,660.0,455.0
540.0,660.0,540.0,456.0
540.0,540.0,540.0,457.0
600.0,540.0,600.0,458.0
540.0,660.0,540.0,459.0
600.0,480.0,540.0,460.0
540.0,600.0,540.0,461.0
600.0,540.0,660.0,462.0
540.0,540.0,480.0,463.0
540.0,600.0,660.0,464.0
540.0,600.0,540.0,465.0
600.0,540.0,540.0,466.0
600.0,540.0,600.0,467.0
540.0,600.0,480.0,468.0
540.0,540.0,600.0,469.0
660.0,540.0,600.0,470.0
540.0,600.0,540.0,471.0
540.0,540.0,480.0,472.0
540.0,540.0,600.0,473.0
540.0,600.0,600.0,474.0
600.0,540.0,540.0,475.0
600.0,480.0,540.0,476.0
600.0,600.0,480.0,477.0
540.0,660.0,660.0,478.0
720.0,540.0,720.0,479.0
600.0,720.0,360.0,480.0
720.0,660.0,1020.0,481.0
660.0,840.0,660.0,482.0
660.0,660.0,660.0,483.0
720.0,660.0,720.0,484.0
600.0,720.0,600.0,485.0
660.0,660.0,720.0,486.0
660.0,660.0,600.0,487.0
660.0,660.0,840.0,488.0
660.0,660.0,600.0,489.0
660.0,660.0,660.0,490.0
600.0,660.0,660.0,491.0
660.0,600.0,660.0,492.0
720.0,660.0,720.0,493.0
600.0,600.0,540.0,494.0
660.0,660.0,660.0,495.0
600.0,660.0,600.0,496.0
600.0,540.0,660.0,497.0
660.0,600.0,660.0,498.0
600.0,720.0,540.0,499.0
600.0,480.0,720.0,500.0
540.0,600.0,540.0,501.0
600.0,660.0,540.0,502.0
600.0,540.0,600.0,503.0
600.0,660.0,600.0,504.0
660.0,600.0,540.0,505.0
540.0,660.0,720.0,506.0
600.0,540.0,540.0,507.0
600.0,720.0,660.0,508.0
540.0,480.0,480.0,509.0
540.0,600.0,480.0,510.0
600.0,600.0,720.0,511.0
540.0,600.0,600.0,512.0
600.0,540.0,540.0,513.0
540.0,540.0,540.0,514.0
540.0,540.0,540.0,515.0
540.0,600.0,540.0,516.0
660.0,540.0,540.0,517.0
540.0,600.0,660.0,518.0
540.0,540.0,540.0,519.0
540.0,540.0,600.0,520.0
540.0,600.0,480.0,521.0
600.0,540.0,720.0,522.0
600.0,540.0,420.0,523.0
540.0,600.0,600.0,524.0
540.0,540.0,600.0,525.0
540.0,600.0,600.0,526.0
600.0,540.0,540.0,527.0
540.0,540.0,480.0,528.0
600.0,660.0,600.0,529.0
540.0,480.0,600.0,530.0
540.0,600.0,540.0,531.0
600.0,540.0,480.0,532.0
540.0,540.0,600.0,533.0
540.0,660.0,600.0,534.0
600.0,540.0,540.0,535.0
540.0,480.0,600.0,536.0
600.0,600.0,480.0,537.0
540.0,540.0,720.0,538.0
540.0,540.0,480.0,539.0
660.0,600.0,540.0,540.0
540.0,540.0,600.0,541.0
540.0,600.0,540.0,542.0
540.0,540.0,600.0,543.0
540.0,540.0,540.0,544.0
600.0,540.0,540.0,545.0
540.0,600.0,540.0,546.0
600.0,540.0,480.0,547.0
540.0,540.0,780.0,548.0
540.0,600.0,420.0,549.0
540.0,540.0,600.0,550.0
600.0,660.0,600.0,551.0
540.0,540.0,600.0,552.0
600.0,540.0,480.0,553.0
540.0,600.0,660.0,554.0
540.0,540.0,540.0,555.0
600.0,540.0,540.0,556.0
540.0,540.0,600.0,557.0
540.0,600.0,540.0,558.0
600.0,600.0,600.0,559.0
540.0,540.0,600.0,560.0
600.0,540.0,660.0,561.0
540.0,540.0,420.0,562.0
660.0,600.0,600.0,563.0
540.0,540.0,660.0,564.0
540.0,600.0,600.0,565.0
540.0,540.0,600.0,566.0
540.0,540.0,420.0,567.0
540.0,720.0,660.0,568.0
600.0,540.0,660.0,569.0
600.0,540.0,540.0,570.0
540.0,600.0,720.0,571.0
540.0,540.0,480.0,572.0
540.0,480.0,600.0,573.0
600.0,660.0,420.0,574.0
540.0,600.0,660.0,575.0
600.0,600.0,540.0,576.0
540.0,540.0,540.0,577.0
540.0,540.0,600.0,578.0
600.0,540.0,540.0,579.0
540.0,540.0,600.0,580.0
540.0,600.0,540.0,581.0
540.0,540.0,540.0,582.0
600.0,540.0,660.0,583.0
600.0,600.0,420.0,584.0
540.0,540.0,600.0,585.0
540.0,540.0,540.0,586.0
660.0,600.0,540.0,587.0
540.0,540.0,660.0,588.0
540.0,600.0,540.0,589.0
540.0,540.0,600.0,590.0
540.0,600.0,480.0,591.0
600.0,540.0,540.0,592.0
540.0,540.0,660.0,593.0
600.0,540.0,480.0,594.0
540.0,600.0,660.0,595.0
540.0,600.0,480.0,596.0
600.0,540.0,660.0,597.0
540.0,540.0,480.0,598.0
540.0,540.0,600.0,599.0
600.0,660.0,480.0,600.0
540.0,540.0,660.0,601.0
600.0,600.0,600.0,602.0
540.0,480.0,540.0,603.0
540.0,540.0,540.0,604.0
540.0,600.0,540.0,605.0
600.0,480.0,540.0,606.0
600.0,660.0,480.0,607.0
540.0,540.0,600.0,608.0
540.0,600.0,660.0,609.0
660.0,540.0,540.0,610.0
540.0,600.0,480.0,611.0
540.0,480.0,660.0,612.0
540.0,660.0,540.0,613.0
540.0,540.0,600.0,614.0
600.0,540.0,600.0,615.0
600.0,540.0,540.0,616.0
540.0,540.0,480.0,617.0
540.0,540.0,660.0,618.0
600.0,660.0,540.0,619.0
600.0,600.0,600.0,620.0
600.0,540.0,660.0,621.0
600.0,720.0,540.0,622.0
660.0,600.0,600.0,623.0
660.0,660.0,600.0,624.0
660.0,660.0,660.0,625.0
660.0,600.0,720.0,626.0
660.0,780.0,600.0,627.0
720.0,720.0,780.0,628.0
720.0,600.0,660.0,629.0
660.0,720.0,660.0,630.0
660.0,660.0,660.0,631.0
660.0,660.0,780.0,632.0
780.0,720.0,540.0,633.0
780.0,720.0,780.0,634.0
660.0,780.0,780.0,635.0
660.0,720.0,720.0,636.0
660.0,660.0,660.0,637.0
720.0,720.0,720.0,638.0
720.0,600.0,660.0,639.0
660.0,720.0,840.0,640.0
660.0,720.0,600.0,641.0
660.0,600.0,780.0,642.0
720.0,720.0,660.0,643.0
720.0,780.0,660.0,644.0
660.0,660.0,720.0,645.0
660.0,780.0,660.0,646.0
720.0,660.0,720.0,647.0
660.0,660.0,780.0,648.0
660.0,660.0,660.0,649.0
720.0,720.0,780.0,650.0
720.0,660.0,540.0,651.0
660.0,720.0,600.0,652.0
660.0,660.0,900.0,653.0
720.0,660.0,660.0,654.0
720.0,720.0,660.0,655.0
660.0,660.0,780.0,656.0
780.0,720.0,660.0,657.0
660.0,660.0,780.0,658.0
660.0,720.0,600.0,659.0
660.0,660.0,780.0,660.0
660.0,660.0,540.0,661.0
780.0,720.0,660.0,662.0
660.0,660.0,780.0,663.0
660.0,720.0,600.0,664.0
660.0,660.0,720.0,665.0
720.0,720.0,720.0,666.0
720.0,720.0,720.0,667.0
660.0,660.0,720.0,668.0
660.0,660.0,600.0,669.0
720.0,780.0,780.0,670.0
660.0,600.0,660.0,671.0
720.0,720.0,660.0,672.0
660.0,660.0,780.0,673.0
720.0,660.0,660.0,674.0
660.0,780.0,540.0,675.0
660.0,660.0,780.0,676.0
720.0,660.0,720.0,677.0
720.0,720.0,660.0,678.0
660.0,660.0,840.0,679.0
780.0,660.0,600.0,680.0
660.0,720.0,600.0,681.0
660.0,720.0,900.0,682.0
660.0,660.0,780.0,683.0
660.0,660.0,660.0,684.0
780.0,720.0,600.0,685.0
660.0,720.0,660.0,686.0
660.0,660.0,660.0,687.0
660.0,660.0,780.0,688.0
720.0,720.0,660.0,689.0
720.0,660.0,660.0,690.0
660.0,720.0,720.0,691.0
660.0,720.0,660.0,692.0
720.0,660.0,600.0,693.0
660.0,720.0,840.0,694.0
720.0,660.0,660.0,695.0
660.0,660.0,720.0,696.0
720.0,720.0,540.0,697.0
660.0,720.0,840.0,698.0
660.0,660.0,600.0,699.0
720.0,660.0,840.0,700.0
720.0,660.0,540.0,701.0
660.0,780.0,660.0,702.0
660.0,600.0,780.0,703.0
780.0,720.0,600.0,704.0
660.0,660.0,720.0,705.0
660.0,780.0,660.0,706.0
660.0,660.0,780.0,707.0
720.0,720.0,600.0,708.0
720.0,780.0,720.0,709.0
660.0,660.0,660.0,710.0
720.0,600.0,720.0,711.0
720.0,780.0,600.0,712.0
720.0,720.0,780.0,713.0
720.0,780.0,660.0,714.0
720.0,660.0,900.0,715.0
720.0,840.0,600.0,716.0
720.0,660.0,780.0,717.0
720.0,720.0,720.0,718.0
720.0,660.0,660.0,719.0
720.0,720.0,660.0,720.0
720.0,840.0,840.0,721.0
720.0,720.0,720.0,722.0
720.0,660.0,780.0,723.0
720.0,780.0,660.0,724.0
720.0,660.0,720.0,725.0
660.0,660.0,660.0,726.0
780.0,780.0,720.0,727.0
660.0,600.0,720.0,728.0
660.0,660.0,720.0,729.0
660.0,720.0,600.0,730.0
660.0,660.0,780.0,731.0
780.0,660.0,600.0,732.0
660.0,780.0,600.0,733.0
660.0,660.0,900.0,734.0
660.0,660.0,600.0,735.0
720.0,780.0,660.0,736.0
720.0,660.0,720.0,737.0
660.0,660.0,720.0,738.0
660.0,720.0,780.0,739.0
720.0,720.0,660.0,740.0
660.0,660.0,720.0,741.0
660.0,660.0,660.0,742.0
780.0,720.0,720.0,743.0
660.0,660.0,660.0,744.0
660.0,660.0,720.0,745.0
660.0,720.0,600.0,746.0
660.0,720.0,840.0,747.0
780.0,660.0,600.0,748.0
660.0,660.0,660.0,749.0
660.0,720.0,720.0,750.0
780.0,660.0,660.0,751.0
660.0,720.0,720.0,752.0
660.0,660.0,720.0,753.0
660.0,660.0,660.0,754.0
720.0,660.0,600.0,755.0
720.0,720.0,780.0,756.0
660.0,720.0,600.0,757.0
660.0,660.0,720.0,758.0
720.0,660.0,780.0,759.0
660.0,720.0,660.0,760.0
660.0,720.0,720.0,761.0
720.0,600.0,720.0,762.0
720.0,780.0,600.0,763.0
660.0,720.0,720.0,764.0
660.0,660.0,660.0,765.0
660.0,720.0,720.0,766.0
780.0,660.0,660.0,767.0
660.0,600.0,660.0,768.0
660.0,720.0,720.0,769.0
660.0,780.0,720.0,770.0
720.0,660.0,720.0,771.0
660.0,600.0,780.0,772.0
720.0,720.0,600.0,773.0
720.0,720.0,660.0,774.0
720.0,660.0,720.0,775.0
660.0,660.0,840.0,776.0
660.0,720.0,480.0,777.0
720.0,660.0,840.0,778.0
660.0,720.0,720.0,779.0
660.0,720.0,600.0,780.0
660.0,540.0,600.0,781.0
720.0,780.0,720.0,782.0
660.0,600.0,660.0,783.0
660.0,720.0,720.0,784.0
660.0,660.0,660.0,785.0
780.0,720.0,780.0,786.0
660.0,720.0,600.0,787.0
660.0,720.0,720.0,788.0
660.0,660.0,660.0,789.0
720.0,660.0,720.0,790.0
720.0,720.0,600.0,791.0
660.0,720.0,780.0,792.0
660.0,660.0,660.0,793.0
720.0,720.0,660.0,794.0
660.0,660.0,660.0,795.0
720.0,660.0,780.0,796.0
720.0,720.0,600.0,797.0
720.0,660.0,660.0,798.0
660.0,720.0,840.0,799.0
660.0,660.0,600.0,800.0
660.0,660.0,600.0,801.0
720.0,720.0,780.0,802.0
720.0,660.0,780.0,803.0
660.0,660.0,600.0,804.0
660.0,720.0,720.0,805.0
720.0,720.0,720.0,806.0
660.0,600.0,600.0,807.0
720.0,780.0,660.0,808.0
660.0,720.0,720.0,809.0
720.0,660.0,840.0,810.0
660.0,660.0,600.0,811.0
660.0,720.0,720.0,812.0
720.0,660.0,780.0,813.0
720.0,660.0,600.0,814.0
660.0,780.0,780.0,815.0
660.0,660.0,660.0,816.0
720.0,660.0,720.0,817.0
660.0,720.0,600.0,818.0
720.0,660.0,720.0,819.0
660.0,660.0,660.0,820.0
780.0,720.0,780.0,821.0
660.0,660.0,780.0,822.0
660.0,720.0,600.0,823.0
660.0,660.0,720.0,824.0
720.0,720.0,780.0,825.0
720.0,660.0,600.0,826.0
660.0,720.0,780.0,827.0
660.0,600.0,780.0,828.0
720.0,720.0,600.0,829.0
780.0,780.0,660.0,830.0
720.0,720.0,840.0,831.0
720.0,660.0,960.0,832.0
720.0,780.0,600.0,833.0
780.0,780.0,780.0,834.0
780.0,840.0,780.0,835.0
720.0,720.0,660.0,836.0
720.0,780.0,840.0,837.0
720.0,780.0,720.0,838.0
840.0,720.0,780.0,839.0
720.0,600.0,900.0,840.0
720.0,840.0,480.0,841.0
720.0,840.0,960.0,842.0
780.0,600.0,780.0,843.0
840.0,840.0,540.0,844.0
780.0,720.0,960.0,845.0
720.0,720.0,600.0,846.0
720.0,720.0,780.0,847.0
720.0,840.0,780.0,848.0
840.0,720.0,840.0,849.0
720.0,780.0,720.0,850.0
720.0,660.0,780.0,851.0
720.0,840.0,600.0,852.0
780.0,720.0,840.0,853.0
780.0,720.0,780.0,854.0
720.0,840.0,840.0,855.0
720.0,660.0,720.0,856.0
780.0,900.0,720.0,857.0
780.0,720.0,720.0,858.0
720.0,720.0,840.0,859.0
720.0,720.0,600.0,860.0
780.0,840.0,960.0,861.0
780.0,660.0,660.0,862.0
720.0,900.0,660.0,863.0
720.0,720.0,840.0,864.0
780.0,780.0,660.0,865.0
720.0,780.0,780.0,866.0
780.0,720.0,780.0,867.0
780.0,720.0,720.0,868.0
780.0,780.0,780.0,869.0
720.0,660.0,840.0,870.0
720.0,780.0,600.0,871.0
840.0,840.0,840.0,872.0
720.0,720.0,780.0,873.0
720.0,720.0,660.0,874.0
720.0,720.0,900.0,875.0
780.0,780.0,780.0,876.0
780.0,780.0,780.0,877.0
720.0,720.0,780.0,878.0
720.0,780.0,720.0,879.0
780.0,840.0,720.0,880.0
780.0,600.0,780.0,881.0
780.0,840.0,720.0,882.0
780.0,780.0,780.0,883.0
780.0,900.0,840.0,884.0
720.0,660.0,780.0,885.0
840.0,720.0,720.0,886.0
840.0,900.0,660.0,887.0
780.0,780.0,840.0,888.0
780.0,840.0,1080.0,889.0
840.0,840.0,660.0,890.0
840.0,780.0,1020.0,891.0
900.0,960.0,780.0,892.0
780.0,780.0,840.0,893.0
780.0,840.0,900.0,894.0
840.0,840.0,840.0,895.0
840.0,780.0,840.0,896.0
780.0,780.0,900.0,897.0
780.0,840.0,780.0,898.0
840.0,780.0,840.0,899.0
840.0,840.0,720.0,900.0
780.0,840.0,900.0,901.0
840.0,660.0,780.0,902.0
780.0,900.0,720.0,903.0
840.0,900.0,900.0,904.0
780.0,840.0,960.0,905.0
840.0,780.0,780.0,906.0
780.0,900.0,720.0,907.0
780.0,720.0,840.0,908.0
900.0,840.0,840.0,909.0
780.0,840.0,780.0,910.0
780.0,780.0,840.0,911.0
780.0,840.0,780.0,912.0
900.0,840.0,1020.0,913.0
780.0,780.0,720.0,914.0
900.0,780.0,840.0,915.0
780.0,780.0,720.0,916.0
780.0,840.0,960.0,917.0
840.0,780.0,720.0,918.0
840.0,840.0,840.0,919.0
780.0,780.0,780.0,920.0
780.0,840.0,780.0,921.0
840.0,840.0,900.0,922.0
840.0,780.0,840.0,923.0
780.0,840.0,720.0,924.0
840.0,780.0,840.0,925.0
780.0,900.0,720.0,926.0
840.0,780.0,1020.0,927.0
780.0,840.0,780.0,928.0
840.0,780.0,960.0,929.0
780.0,780.0,720.0,930.0
840.0,900.0,900.0,931.0
840.0,900.0,900.0,932.0
780.0,840.0,720.0,933.0
780.0,720.0,840.0,934.0
900.0,840.0,840.0,935.0
780.0,840.0,720.0,936.0
780.0,840.0,840.0,937.0
900.0,780.0,960.0,938.0
780.0,840.0,720.0,939.0
780.0,780.0,840.0,940.0
840.0,780.0,780.0,941.0
840.0,840.0,780.0,942.0
780.0,780.0,840.0,943.0
780.0,900.0,780.0,944.0
840.0,720.0,900.0,945.0
840.0,840.0,720.0,946.0
780.0,780.0,900.0,947.0
840.0,900.0,780.0,948.0
780.0,780.0,780.0,949.0
840.0,900.0,900.0,950.0
840.0,780.0,780.0,951.0
840.0,840.0,840.0,952.0
840.0,840.0,900.0,953.0
840.0,840.0,780.0,954.0
900.0,900.0,840.0,955.0
780.0,720.0,840.0,956.0
840.0,960.0,780.0,957.0
900.0,780.0,960.0,958.0
840.0,960.0,780.0,959.0
780.0,780.0,1020.0,960.0
960.0,840.0,780.0,961.0
840.0,900.0,780.0,962.0
900.0,900.0,960.0,963.0
840.0,780.0,720.0,964.0
960.0,900.0,1020.0,965.0
840.0,960.0,840.0,966.0
840.0,900.0,840.0,967.0
900.0,900.0,840.0,968.0
900.0,900.0,900.0,969.0
840.0,900.0,900.0,970.0
900.0,780.0,900.0,971.0
840.0,960.0,960.0,972.0
900.0,780.0,960.0,973.0
900.0,960.0,660.0,974.0
840.0,900.0,1020.0,975.0
840.0,780.0,900.0,976.0
960.0,900.0,780.0,977.0
840.0,900.0,1020.0,978.0
840.0,900.0,900.0,979.0
840.0,840.0,660.0,980.0
960.0,900.0,900.0,981.0
840.0,900.0,1020.0,982.0
840.0,840.0,720.0,983.0
960.0,900.0,900.0,984.0
900.0,900.0,1020.0,985.0
840.0,840.0,900.0,986.0
840.0,900.0,780.0,987.0
960.0,960.0,1020.0,988.0
900.0,960.0,780.0,989.0
900.0,900.0,900.0,990.0
900.0,960.0,1080.0,991.0
900.0,900.0,840.0,992.0
900.0,840.0,960.0,993.0
960.0,900.0,1080.0,994.0
840.0,960.0,780.0,995.0
960.0,840.0,1080.0,996.0
960.0,900.0,660.0,997.0
840.0,1020.0,1020.0,998.0
900.0,900.0,960.0,999.0
960.0,840.0,960.0,1000.0
900.0,1080.0,840.0,1001.0
840.0,900.0,900.0,1002.0
900.0,900.0,960.0,1003.0
1020.0,960.0,960.0,1004.0
900.0,1020.0,960.0,1005.0
960.0,840.0,780.0,1006.0
900.0,960.0,960.0,1007.0
1020.0,960.0,1020.0,1008.0
960.0,960.0,960.0,1009.0
900.0,840.0,900.0,1010.0
960.0,960.0,840.0,1011.0
960.0,1020.0,1020.0,1012.0
900.0,900.0,1080.0,1013.0
960.0,900.0,840.0,1014.0
900.0,1020.0,1020.0,1015.0
960.0,900.0,960.0,1016.0
960.0,900.0,960.0,1017.0
900.0,900.0,960.0,1018.0
900.0,1020.0,1020.0,1019.0
1020.0,900.0,960.0,1020.0
900.0,960.0,1140.0,1021.0
900.0,960.0,900.0,1022.0
1020.0,960.0,1020.0,1023.0
900.0,900.0,1020.0,1024.0
900.0,960.0,720.0,1025.0
900.0,900.0,1020.0,1026.0
1020.0,960.0,1020.0,1027.0
900.0,960.0,1020.0,1028.0
900.0,900.0,960.0,1029.0
960.0,960.0,900.0,1030.0
960.0,840.0,1020.0,1031.0
960.0,960.0,780.0,1032.0
960.0,1020.0,900.0,1033.0
900.0,900.0,1020.0,1034.0
960.0,960.0,960.0,1035.0
900.0,780.0,840.0,1036.0
840.0,1020.0,960.0,1037.0
960.0,840.0,1080.0,1038.0
900.0,900.0,900.0,1039.0
900.0,960.0,960.0,1040.0
900.0,900.0,960.0,1041.0
900.0,840.0,840.0,1042.0
840.0,960.0,780.0,1043.0
900.0,900.0,1080.0,1044.0
960.0,840.0,840.0,1045.0
780.0,900.0,960.0,1046.0
900.0,840.0,900.0,1047.0
840.0,900.0,720.0,1048.0
780.0,780.0,900.0,1049.0
780.0,780.0,780.0,1050.0
840.0,900.0,840.0,1051.0
840.0,720.0,900.0,1052.0
780.0,840.0,720.0,1053.0
780.0,840.0,900.0,1054.0
900.0,720.0,600.0,1055.0
780.0,960.0,840.0,1056.0
780.0,720.0,960.0,1057.0
840.0,780.0,840.0,1058.0
840.0,840.0,660.0,1059.0
780.0,780.0,840.0,1060.0
780.0,840.0,840.0,1061.0
840.0,840.0,780.0,1062.0
840.0,840.0,900.0,1063.0
780.0,720.0,840.0,1064.0
780.0,900.0,660.0,1065.0
840.0,780.0,900.0,1066.0
840.0,780.0,840.0,1067.0
780.0,840.0,720.0,1068.0
780.0,840.0,960.0,1069.0
840.0,840.0,900.0,1070.0
840.0,780.0,780.0,1071.0
780.0,840.0,720.0,1072.0
780.0,780.0,900.0,1073.0
840.0,840.0,780.0,1074.0
840.0,780.0,780.0,1075.0
780.0,840.0,840.0,1076.0
780.0,780.0,780.0,1077.0
900.0,840.0,840.0,1078.0
840.0,780.0,780.0,1079.0
720.0,840.0,840.0,1080.0
780.0,720.0,840.0,1081.0
840.0,780.0,780.0,1082.0
780.0,780.0,900.0,1083.0
780.0,840.0,780.0,1084.0
720.0,720.0,780.0,1085.0
780.0,780.0,780.0,1086.0
780.0,780.0,720.0,1087.0
720.0,780.0,780.0,1088.0
720.0,720.0,780.0,1089.0
780.0,720.0,780.0,1090.0
780.0,840.0,660.0,1091.0
720.0,720.0,840.0,1092.0
720.0,720.0,720.0,1093.0
780.0,840.0,660.0,1094.0
720.0,660.0,780.0,1095.0
780.0,780.0,900.0,1096.0
720.0,720.0,660.0,1097.0
720.0,780.0,780.0,1098.0
780.0,660.0,660.0,1099.0
720.0,840.0,720.0,1100.0
840.0,720.0,840.0,1101.0
720.0,840.0,660.0,1102.0
720.0,780.0,780.0,1103.0
660.0,720.0,720.0,1104.0
660.0,660.0,720.0,1105.0
780.0,660.0,720.0,1106.0
660.0,840.0,540.0,1107.0
660.0,600.0,720.0,1108.0
660.0,720.0,780.0,1109.0
720.0,720.0,660.0,1110.0
660.0,720.0,780.0,1111.0
720.0,660.0,720.0,1112.0
660.0,780.0,660.0,1113.0
720.0,660.0,600.0,1114.0
660.0,780.0,600.0,1115.0
660.0,660.0,840.0,1116.0
720.0,660.0,660.0,1117.0
660.0,720.0,660.0,1118.0
720.0,660.0,780.0,1119.0
660.0,660.0,720.0,1120.0
660.0,720.0,660.0,1121.0
660.0,660.0,720.0,1122.0
780.0,660.0,660.0,1123.0
660.0,720.0,660.0,1124.0
780.0,720.0,600.0,1125.0
660.0,660.0,780.0,1126.0
660.0,720.0,600.0,1127.0
660.0,660.0,780.0,1128.0
720.0,660.0,600.0,1129.0
660.0,780.0,720.0,1130.0
720.0,600.0,780.0,1131.0
660.0,720.0,600.0,1132.0
660.0,660.0,780.0,1133.0
720.0,660.0,660.0,1134.0
600.0,660.0,660.0,1135.0
660.0,600.0,780.0,1136.0
660.0,720.0,540.0,1137.0
600.0,780.0,540.0,1138.0
660.0,660.0,900.0,1139.0
600.0,600.0,600.0,1140.0
600.0,600.0,660.0,1141.0
600.0,660.0,540.0,1142.0
660.0,600.0,720.0,1143.0
660.0,660.0,660.0,1144.0
600.0,600.0,540.0,1145.0
540.0,540.0,660.0,1146.0
600.0,660.0,600.0,1147.0
660.0,540.0,600.0,1148.0
600.0,660.0,480.0,1149.0
600.0,540.0,660.0,1150.0
540.0,660.0,540.0,1151.0
600.0,480.0,660.0,1152.0
660.0,660.0,600.0,1153.0
600.0,600.0,540.0,1154.0
600.0,600.0,660.0,1155.0
540.0,600.0,600.0,1156.0
600.0,600.0,540.0,1157.0
600.0,600.0,720.0,1158.0
660.0,540.0,480.0,1159.0
600.0,660.0,720.0,1160.0
660.0,660.0,600.0,1161.0
600.0,660.0,780.0,1162.0
600.0,600.0,600.0,1163.0
540.0,540.0,540.0,1164.0
600.0,600.0,600.0,1165.0
660.0,660.0,540.0,1166.0
660.0,540.0,780.0,1167.0
600.0,720.0,540.0,1168.0
600.0,660.0,840.0,1169.0
600.0,540.0,600.0,1170.0
660.0,660.0,480.0,1171.0
660.0,660.0,660.0,1172.0
660.0,600.0,720.0,1173.0
600.0,600.0,540.0,1174.0
600.0,660.0,660.0,1175.0
660.0,600.0,600.0,1176.0
660.0,660.0,660.0,1177.0
600.0,540.0,600.0,1178.0
600.0,660.0,600.0,1179.0
600.0,660.0,600.0,1180.0
660.0,540.0,660.0,1181.0
600.0,660.0,600.0,1182.0
660.0,600.0,660.0,1183.0
600.0,720.0,600.0,1184.0
600.0,660.0,720.0,1185.0
660.0,600.0,600.0,1186.0
600.0,600.0,600.0,1187.0
660.0,600.0,600.0,1188.0
600.0,660.0,720.0,1189.0
600.0,600.0,660.0,1190.0
660.0,660.0,420.0,1191.0
600.0,660.0,780.0,1192.0
600.0,540.0,600.0,1193.0
660.0,600.0,600.0,1194.0
720.0,840.0,540.0,1195.0
600.0,600.0,780.0,1196.0
600.0,600.0,480.0,1197.0
600.0,600.0,720.0,1198.0
600.0,600.0,480.0,1199.0
660.0,720.0,720.0,1200.0
660.0,600.0,780.0,1201.0
600.0,600.0,480.0,1202.0
600.0,600.0,540.0,1203.0
600.0,660.0,660.0,1204.0
660.0,600.0,600.0,1205.0
660.0,600.0,720.0,1206.0
600.0,660.0,600.0,1207.0
600.0,720.0,660.0,1208.0
600.0,600.0,600.0,1209.0
660.0,600.0,660.0,1210.0
600.0,600.0,540.0,1211.0
660.0,660.0,720.0,1212.0
600.0,600.0,600.0,1213.0
600.0,660.0,600.0,1214.0
600.0,720.0,600.0,1215.0
660.0,600.0,660.0,1216.0
600.0,660.0,660.0,1217.0
720.0,600.0,600.0,1218.0
540.0,480.0,600.0,1219.0
600.0,720.0,420.0,1220.0
540.0,540.0,720.0,1221.0
540.0,540.0,720.0,1222.0
540.0,600.0,660.0,1223.0
660.0,660.0,600.0,1224.0
540.0,540.0,660.0,1225.0
540.0,600.0,480.0,1226.0
540.0,540.0,600.0,1227.0
540.0,540.0,480.0,1228.0
600.0,540.0,600.0,1229.0
540.0,600.0,540.0,1230.0
600.0,660.0,540.0,1231.0
540.0,540.0,600.0,1232.0
540.0,540.0,600.0,1233.0
540.0,540.0,540.0,1234.0
600.0,540.0,600.0,1235.0
540.0,540.0,600.0,1236.0
540.0,600.0,480.0,1237.0
600.0,600.0,600.0,1238.0
540.0,540.0,480.0,1239.0
540.0,540.0,660.0,1240.0
600.0,600.0,540.0,1241.0
600.0,540.0,480.0,1242.0
600.0,540.0,660.0,1243.0
540.0,540.0,540.0,1244.0
540.0,600.0,600.0,1245.0
540.0,540.0,600.0,1246.0
540.0,540.0,600.0,1247.0
600.0,540.0,600.0,1248.0
600.0,600.0,420.0,1249.0
540.0,540.0,720.0,1250.0
540.0,540.0,540.0,1251.0
480.0,540.0,540.0,1252.0
540.0,600.0,660.0,1253.0
540.0,600.0,420.0,1254.0
540.0,480.0,600.0,1255.0
540.0,540.0,540.0,1256.0
480.0,480.0,540.0,1257.0
480.0,480.0,480.0,1258.0
480.0,480.0,480.0,1259.0
540.0,480.0,540.0,1260.0
480.0,480.0,480.0,1261.0
480.0,540.0,480.0,1262.0
480.0,540.0,480.0,1263.0
480.0,480.0,540.0,1264.0
600.0,480.0,480.0,1265.0
540.0,480.0,600.0,1266.0
480.0,540.0,420.0,1267.0
480.0,540.0,420.0,1268.0
480.0,420.0,720.0,1269.0
480.0,540.0,420.0,1270.0
480.0,600.0,540.0,1271.0
540.0,480.0,480.0,1272.0
540.0,540.0,480.0,1273.0
480.0,480.0,540.0,1274.0
420.0,480.0,600.0,1275.0
480.0,540.0,420.0,1276.0
420.0,600.0,420.0,1277.0
540.0,360.0,480.0,1278.0
420.0,540.0,540.0,1279.0
420.0,420.0,420.0,1280.0
480.0,420.0,360.0,1281.0
420.0,420.0,540.0,1282.0
420.0,420.0,300.0,1283.0
420.0,420.0,540.0,1284.0
420.0,480.0,360.0,1285.0
480.0,480.0,480.0,1286.0
420.0,360.0,540.0,1287.0
420.0,480.0,240.0,1288.0
540.0,420.0,540.0,1289.0
420.0,480.0,420.0,1290.0
420.0,420.0,420.0,1291.0
420.0,420.0,540.0,1292.0
420.0,480.0,420.0,1293.0
420.0,420.0,420.0,1294.0
420.0,420.0,420.0,1295.0
480.0,420.0,420.0,1296.0
480.0,420.0,420.0,1297.0
420.0,480.0,420.0,1298.0
420.0,420.0,480.0,1299.0
420.0,480.0,480.0,1300.0
420.0,420.0,420.0,1301.0
420.0,480.0,360.0,1302.0
480.0,420.0,540.0,1303.0
420.0,360.0,420.0,1304.0
420.0,480.0,300.0,1305.0
480.0,420.0,600.0,1306.0
420.0,420.0,360.0,1307.0
420.0,480.0,420.0,1308.0
420.0,360.0,480.0,1309.0
420.0,480.0,420.0,1310.0
480.0,420.0,420.0,1311.0
480.0,480.0,360.0,1312.0
480.0,420.0,540.0,1313.0
420.0,420.0,360.0,1314.0
420.0,420.0,420.0,1315.0
420.0,420.0,480.0,1316.0
420.0,480.0,360.0,1317.0
360.0,420.0,540.0,1318.0
420.0,300.0,480.0,1319.0
420.0,540.0,180.0,1320.0
420.0,360.0,660.0,1321.0
360.0,360.0,240.0,1322.0
360.0,360.0,480.0,1323.0
360.0,420.0,480.0,1324.0
360.0,420.0,300.0,1325.0
360.0,360.0,420.0,1326.0
360.0,360.0,360.0,1327.0
360.0,360.0,420.0,1328.0
420.0,360.0,360.0,1329.0
360.0,360.0,540.0,1330.0
360.0,360.0,240.0,1331.0
420.0,360.0,480.0,1332.0
360.0,420.0,300.0,1333.0
360.0,300.0,420.0,1334.0
480.0,420.0,300.0,1335.0
360.0,420.0,420.0,1336.0
360.0,360.0,420.0,1337.0
360.0,360.0,360.0,1338.0
360.0,360.0,360.0,1339.0
360.0,360.0,360.0,1340.0
360.0,360.0,360.0,1341.0
360.0,420.0,300.0,1342.0
360.0,300.0,420.0,1343.0
360.0,420.0,360.0,1344.0
360.0,300.0,480.0,1345.0
360.0,480.0,420.0,1346.0
300.0,300.0,240.0,1347.0
360.0,360.0,360.0,1348.0
300.0,300.0,300.0,1349.0
300.0,300.0,300.0,1350.0
300.0,300.0,300.0,1351.0
300.0,300.0,300.0,1352.0
300.0,300.0,300.0,1353.0
300.0,300.0,360.0,1354.0
300.0,300.0,240.0,1355.0
300.0,300.0,360.0,1356.0
300.0,300.0,360.0,1357.0
240.0,240.0,300.0,1358.0
360.0,240.0,240.0,1359.0
240.0,300.0,240.0,1360.0
240.0,240.0,240.0,1361.0
240.0,240.0,240.0,1362.0
240.0,300.0,240.0,1363.0
240.0,180.0,300.0,1364.0
240.0,300.0,240.0,1365.0
240.0,240.0,240.0,1366.0
240.0,240.0,180.0,1367.0
240.0,240.0,300.0,1368.0
240.0,240.0,300.0,1369.0
240.0,300.0,180.0,1370.0
240.0,240.0,300.0,1371.0
240.0,300.0,240.0,1372.0
240.0,240.0,240.0,1373.0
300.0,240.0,240.0,1374.0
240.0,240.0,240.0,1375.0
240.0,240.0,360.0,1376.0
240.0,240.0,240.0,1377.0
240.0,240.0,240.0,1378.0
240.0,240.0,240.0,1379.0
240.0,240.0,240.0,1380.0
60.0,120.0,240.0,1381.0
0.0,0.0,120.0,1382.0
0.0,0.0,0.0,1383.0
0.0,0.0,0.0,1384.0
0.0,0.0,0.0,1385.0
0.0,0.0,0.0,1386.0
0.0,0.0,0.0,1387.0
0.0,0.0,0.0,1388.0
0.0,0.0,0.0,1389.0
0.0,0.0,0.0,1390.0
0.0,0.0,0.0,1391.0
0.0,0.0,0.0,1392.0
0.0,0.0,0.0,1393.0
0.0,0.0,0.0,1394.0
0.0,0.0,0.0,1395.0
0.0,0.0,0.0,1396.0
0.0,0.0,0.0,1397.0
0.0,0.0,0.0,1398.0
0.0,0.0,0.0,1399.0
0.0,0.0,0.0,1400.0
0.0,0.0,0.0,1401.0
0.0,0.0,0.0,1402.0
0.0,0.0,0.0,1403.0
0.0,0.0,0.0,1404.0
0.0,0.0,0.0,1405.0
0.0,0.0,0.0,1406.0
0.0,0.0,0.0,1407.0
0.0,0.0,0.0,1408.0
0.0,0.0,0.0,1409.0
0.0,0.0,0.0,1410.0
0.0,0.0,0.0,1411.0
0.0,0.0,0.0,1412.0
0.0,0.0,0.0,1413.0
0.0,0.0,0.0,1414.0
0.0,0.0,0.0,1415.0
0.0,0.0,0.0,1416.0
0.0,0.0,0.0,1417.0
0.0,0.0,0.0,1418.0
0.0,0.0,0.0,1419.0
0.0,0.0,0.0,1420.0
0.0,0.0,0.0,1421.0
0.0,0.0,0.0,1422.0
0.0,0.0,0.0,1423.0
0.0,0.0,0.0,1424.0
0.0,0.0,0.0,1425.0
0.0,0.0,0.0,1426.0
0.0,0.0,0.0,1427.0
0.0,0.0,0.0,1428.0
0.0,0.0,0.0,1429.0
0.0,0.0,0.0,1430.0
0.0,0.0,0.0,1431.0
0.0,0.0,0.0,1432.0
0.0,0.0,0.0,1433.0
0.0,0.0,0.0,1434.0
0.0,0.0,0.0,1435.0
0.0,0.0,0.0,1436.0
0.0,0.0,0.0,1437.0
0.0,0.0,0.0,1438.0
0.0,0.0,0.0,1439.0
0.0,0.0,0.0,1440.0
